date,ticker,action,confidence,reasoning,tweet_urls
2026-03-05,KORU,BUY,MEDIUM,"3x leveraged South Korea bull ETF. @labubu_trader started loading at KOSPI 5000 support. The thesis aligns with the broader EWY buy signal: SK Hynix/Samsung undervalued, LNG disruption fears overblown, KOSPI rebounding 11.6%. However, 3x leverage amplifies both gains and losses, making this suitable only for short-term tactical positioning. Stock went from $27 low to $403 showing extreme leverage effects.",https://x.com/labubu_trader/status/2029095031672586269
2026-03-05,CL,HOLD,MEDIUM,"Note: @labubu_trader references $CL as crude oil (CL futures), not Colgate-Palmolive in their commodity hedging strategy. For Colgate-Palmolive the stock: defensive consumer staple up 23% YTD with BofA upgrade on 2030 strategy execution. Forward PE of 23x is reasonable for a defensive name. But debt-to-equity of 2,344 is astronomically high, and 5.8% revenue growth is modest. Serves as a portfolio hedge in volatile markets but limited upside.",https://x.com/labubu_trader/status/2029282756421927318
2026-03-05,USO,HOLD,MEDIUM,"@labubu_trader using USO weekly calls as geopolitical hedge, buying before close and selling at open. Oil benefits from Iran conflict and Hormuz disruption fears. Near 52-week high at $90 vs $94 high. However, this is a tactical trade not a fundamental position. @labubu_trader took profits on XLE/USO calls at open and will only re-enter if crude breaks $78. Conflict dynamics could reverse quickly.","https://x.com/labubu_trader/status/2029392409390694568, https://x.com/labubu_trader/status/2029282756421927318"
2026-03-05,GLW,HOLD,MEDIUM,"Up 210% in a year, quietly outperforming chip stocks as 'stealth AI winner.' Cramer says he's 'most excited about' Corning. Benefits from fiber optics and AI infrastructure buildout. However, trailing PE of 80x and forward PE of 37x are stretched. Analyst target of $126 is significantly below $145 current price. Revenue growing 20% with improving margins but debt-to-equity of 76 is moderate concern. Momentum is strong but priced above consensus.",https://x.com/TradexWhisperer/status/2029396791863722111
2026-03-05,AAPL,HOLD,MEDIUM,Buffett sold 75% of Apple stake - significant bearish signal from the most respected value investor. @zephyr_z9 calls Apple's latest move 'crazy' and predicts it will 'sell like hot cakes.' Forward PE of 28x is elevated for 16% revenue growth. Analyst target of $293 vs $263 suggests modest upside. AI delay concerns and foldable iPhone speculation create uncertainty. Defensive quality name but not compelling at current valuation.,https://x.com/zephyr_z9/status/2029200770437132455
2026-03-05,QCOM,HOLD,MEDIUM,Forward PE of 12.4x is cheap for semis but revenue growth of only 5% with negative earnings growth (-1.8%) lags peers. Memory shortage dragging on forecast per CNBC. Wells Fargo bullish on $100B AI inference opportunity but analyst recently slashed PT by 30%. @zephyr_z9 notes QCOM getting beaten by both Samsung and Xiaomi. Mixed signals warrant patience.,https://x.com/zephyr_z9/status/2029155508079477226
2026-03-05,AMD,BUY,HIGH,Meta deal is transformative catalyst with analysts asking 'is AMD going to $300?' Forward PE of 18.6x with 217% earnings growth and 34% revenue growth. Seeking Alpha upgraded to Buy. Strong buy consensus with $290 target vs $202 current (43% upside). Trading 24% below 52-week high. AMD-Meta deal benefits entire networking ecosystem. Morgan Stanley and UBS both flagging entry point opportunity. @TradexWhisperer lists it as TSM beneficiary.,https://x.com/TradexWhisperer/status/2029292511823569204
2026-03-05,MU,BUY,HIGH,Earnings approaching March 18 - key catalyst. Forward PE of 8.7x with 175% earnings growth and 57% revenue growth is extraordinarily cheap for a memory leader in AI buildout. Strong buy consensus with $408 target near current $401 price. SK Hynix (competitor) trading at 5x forward per @TradexWhisperer shows sector-wide memory undervaluation. HBM demand is secular. Volatile recently with both 8% plunges and sharp rallies on the same day.,"https://x.com/TradexWhisperer/status/2029292511823569204, https://x.com/TradexWhisperer/status/2029059800764666319"
2026-03-05,TSM,BUY,HIGH,"@TradexWhisperer makes the strongest possible bull case: TSMC wins regardless of which chip company succeeds - NVDA, AVGO, MU, SNDK, AMD, QCOM, AAPL, or hyperscaler ASICs. Forward PE of 19.9x with 35% earnings growth, 54% operating margins, and 35% ROE. HBM4E logic die, CoWoS packaging, and PIC capacity expansion all flow through TSMC. Analyst target of $421 vs $357 current (18% upside). Geopolitical risk from Taiwan is real but @TradexWhisperer calls it FUD.","https://x.com/TradexWhisperer/status/2029292511823569204, https://x.com/TradexWhisperer/status/2029301328988836132, https://x.com/TradexWhisperer/status/2029323413622538374"
2026-03-05,PLTR,HOLD,MEDIUM,"Defense AI surge amid Iran crisis driving 60% spike. Mizuho says 'category of one' with $400 5-year target. However, @TradexWhisperer mocks Michael Burry's $46 valuation call while acknowledging stretched metrics. Trailing PE of 243x and forward PE of 83x are extreme. Peter Thiel selling $290M in shares is a significant bearish insider signal despite the rally. Revenue growth of 70% is impressive but valuation prices in perfection.",https://x.com/TradexWhisperer/status/2029278329036259596
2026-03-05,SNDK,HOLD,MEDIUM,"Extraordinary forward PE of 7.4x on 612% revenue growth and 618% earnings growth suggests deep value if sustainable. Taking 3-year preorders (strong demand signal mentioned by @aleabitoreddit). Seeking Alpha sees path to $1000 on 2027 EPS. However, Citron Research is actively betting against it, warning hype could 'vanish in a single earnings call.' WD selling shares is bearish insider signal. Stock already surged 1,750%. High conviction both ways creates uncertainty.",https://x.com/aleabitoreddit/status/2029088341258584454
2026-03-05,LNG,BUY,HIGH,Direct beneficiary of Iran conflict and Strait of Hormuz disruption fears. Strong buy consensus with $271 target vs $249 current. Surging on supply shock alongside Venture Global. Massive Q4 earnings beat with $9B buyback authorization. Forward PE of 16.8x with 146% earnings growth and 76% operating margins. @aleabitoreddit identifies US LNG exporters as key catalyst from South Korea's need for alternative supply. Near 52-week high at $249 vs $256 high.,"https://x.com/aleabitoreddit/status/2029108380586201538, https://x.com/aleabitoreddit/status/2029106748334981645"
2026-03-05,IQE,INVESTIGATE,LOW,"@aleabitoreddit notes IQE has doubled since mention but calls it a 'moonshot with a ton of risks with debt/restructuring.' Takeover speculation driving shares higher. Potential Taiwan business sale could clean up balance sheet. However, minimal fundamental data available, extremely low share price, and chipmaker considering full sale. Very high risk speculative play on photonics supply chain.","https://x.com/aleabitoreddit/status/2029164086987243934, https://x.com/aleabitoreddit/status/2029193680993828913"
2026-03-05,FN,HOLD,MEDIUM,"Fabrinet is a direct beneficiary of Google rejecting CPO and the pluggable optics boom, named as large beneficiary by @aleabitoreddit. 36% revenue growth with near-zero debt (0.2 D/E) is exceptional balance sheet quality. However, trading above analyst target of $544 at $564, forward PE of 35.6x is elevated, and thin gross margins of 12% limit upside. Up 25% in a month may need consolidation.",https://x.com/aleabitoreddit/status/2029160940604739625
2026-03-05,AVGO,BUY,HIGH,Just reported Q1 earnings beating estimates with $100B AI forecast. $10B buyback announced. Strong buy consensus with $453 target vs $318 current (42% upside). Forward PE of 21.6x with 188% earnings growth and 77% gross margins. @TradexWhisperer notes Broadcom CEO's copper comments for scale-up don't contradict optics demand. @labubu_trader notes the buyback 'saved Hock's ass.' Debt-to-equity of 166 is a concern but cash generation supports it.,"https://x.com/labubu_trader/status/2029307989505785935, https://x.com/TradexWhisperer/status/2029396791863722111"
2026-03-05,NVDA,BUY,HIGH,Strong buy consensus with $264 target vs $183 current (44% upside). Forward PE of 17x is historically cheap for 73% revenue growth and 65% operating margins. Morgan Stanley reinstated as top semi pick. Wedbush raised PT to $300. Committed $2B to Lumentum for AI infrastructure. Cramer says 'hard to imagine it getting much cheaper.' Billionaire Leo KoGuan making massive investment. March could be turning point per multiple analysts.,https://x.com/TradexWhisperer/status/2029292511823569204
2026-03-05,GOOGL,BUY,HIGH,"Strong buy consensus with $377 analyst target vs $303 current (24% upside). Google's rejection of CPO is actually strategically positive, reducing capex while benefiting from pluggable optics ecosystem. 31% earnings growth, 32% operating margins, 36% ROE at 22.6x forward PE is attractive. Multi-billion Meta deal and BofA maintaining $370 PT. Low debt-to-equity of 16. @aleabitoreddit notes this as important structural signal for optics ecosystem.",https://x.com/aleabitoreddit/status/2029160940604739625
2026-03-05,RPI,HOLD,LOW,"@aleabitoreddit notes RPI is up 18.2% since posting, calling it an 'underperformer' relative to other picks. Raspberry Pi shares surged on OpenClaw viral interest and CEO insider buying. Limited fundamental data available for full analysis. Interesting but insufficient conviction to upgrade.",https://x.com/aleabitoreddit/status/2029192809220325680
2026-03-05,AXTI,BUY,MEDIUM,"@aleabitoreddit calls AXTI 'always the winner as long as photonics is a thing' and notes it has 3-4x'd since $12 two months ago. CEO insider purchase of 30,000 shares is bullish. Supplies indium phosphide substrates to all hyperscalers. Dismissed insider selling concerns as similar to what was posted when stock was at $12. However, forward PE of 84x on negative current earnings and negative operating margins create valuation risk. Analyst target of $31 is well below $39 current price.","https://x.com/aleabitoreddit/status/2029186462546313349, https://x.com/aleabitoreddit/status/2029222223408738440, https://x.com/aleabitoreddit/status/2029228477917086178"
2026-03-05,POET,INVESTIGATE,LOW,"Strong buy analyst consensus and Lightwave Innovation Award for AI connectivity. Photonics play in the optics ecosystem. However, deeply unprofitable with -3200% operating margins, -104% ROE, and minimal revenue despite 8000% growth rate (from near-zero base). $1B market cap on essentially no revenue is highly speculative. Interesting technology thesis but extreme risk.",
2026-03-05,GME,HOLD,LOW,"Mentioned by @aleabitoreddit only as an example of cash hoarding vs productive use (contrasting with AAOI). Revenue declining 4.6%, low growth quality despite recent profitability. eBay deal speculation and conglomerate strategy under Ryan Cohen creates uncertainty. Not a fundamentals-driven story. No compelling catalyst.",https://x.com/aleabitoreddit/status/2029223044208832707
2026-03-05,LUNR,HOLD,LOW,"Intuitive Machines benefits from space sector tailwind but $175M dilutive equity raise caused 16% drop. Negative book value, -177% ROE, 152 debt-to-equity, and negative operating margins. Revenue declining 10%. Analyst target of $19 roughly matches current price. $800M acquisition raises questions about capital allocation. High risk despite buy recommendations.",https://x.com/aleabitoreddit/status/2029270954715824141
2026-03-05,FLY,HOLD,LOW,Firefly Aerospace benefits from SpaceX IPO-driven space sector tailwind. Analyst target of $38 vs $21 current price suggests 82% upside. But deeply unprofitable with -185% operating margins and negative gross margins. Stock crashed 71% from 52-week high. Space theme is compelling but execution risk is very high for a pre-profit company.,https://x.com/aleabitoreddit/status/2029270954715824141
2026-03-05,VELO,INVESTIGATE,LOW,"Mentioned by @aleabitoreddit as space-related play for 3D printing, but notes 'financials gets really complex.' Negative gross margins, -78% operating margins, and -224% ROE with 108 debt-to-equity. Revenue growing 65% but from tiny base. Recent Nasdaq uplisting and Navy contract are positives but fundamentals are deeply concerning. High-risk speculative.",https://x.com/aleabitoreddit/status/2029271611501887925
2026-03-05,ASTS,HOLD,MEDIUM,"Surged 13% on Telus backing with 1,500% revenue expansion. SpaceX IPO tailwind and early investors seeing 8-figure returns per @aleabitoreddit. However, deeply unprofitable with -130% operating margins, negative ROE, 94 debt-to-equity, and forward PE of 88x. Trading at $105 vs analyst target of $89 (overvalued vs consensus). High-risk speculative play on space-based mobile connectivity.","https://x.com/aleabitoreddit/status/2029273566764847321, https://x.com/aleabitoreddit/status/2029270327247962447"
2026-03-05,RKLB,BUY,MEDIUM,"SpaceX's $1.75T pre-IPO valuation ahead of June IPO creates massive sector tailwind. @aleabitoreddit predicts space stocks will go parabolic around IPO day, noting Rocket Lab is valued at just 2.3% of SpaceX. Record 2025 revenue and launch cadence with Cantor lifting PT. However, stock is 71% below 52-week high at $21 suggesting headwinds, and no fundamental data available for full valuation assessment.","https://x.com/aleabitoreddit/status/2029270327247962447, https://x.com/aleabitoreddit/status/2029273566764847321"
2026-03-05,LITE,HOLD,MEDIUM,"Massive beneficiary of Google rejecting CPO and Nvidia's $2B investment. Needham raised PT to $850. Revenue growth of 65.5% is extraordinary. However, trailing PE of 196x and forward PE of 47x are very stretched. Debt-to-equity of 392 is concerning. Stock is already near 52-week highs after surging from $46 low. Current analyst target of $650 is below the $681 price, suggesting limited near-term upside despite strong secular tailwinds.","https://x.com/aleabitoreddit/status/2029219794025644382, https://x.com/aleabitoreddit/status/2029160940604739625"
2026-03-05,COHR,BUY,HIGH,Nvidia committed $2B investment to optical infrastructure including Coherent. Stock up 500%+ from 52-week low but still has room with Morgan Stanley raising PT on bullish optical markets forecast. Revenue growing 17.5% and Google rejecting CPO benefits Coherent's pluggable optics. Forward PE of 37x is elevated but supported by AI infrastructure supercycle. @TradexWhisperer and @aleabitoreddit both bullish on optics ecosystem.,"https://x.com/TradexWhisperer/status/2029396791863722111, https://x.com/aleabitoreddit/status/2029160940604739625"
2026-03-05,MSFT,BUY,MEDIUM,Down 27% from 52-week high creates opportunity. Board member bought $2M in shares (bullish insider signal). 'Ultra-rare bullish signal' for options. Forward PE 21.5x is attractive for 17% revenue growth and 47% operating margins. OpenAI funding provides breathing space. Risk: 'Microslop' narrative and broader tech selloff. Strong buy consensus at $596 target vs $405.,
2026-03-05,AMZN,BUY,HIGH,Strong buy analyst consensus with $280 target vs $217 current (29% upside). Trading well below 52-week high of $259. $200B AI spending plan drives AWS long-term growth despite short-term shock. $427M campus deal shows continued investment. Forward PE 23x is reasonable for a company growing revenue 14% with improving margins. Mentioned as key hyperscaler customer for AAOI optics.,https://x.com/aleabitoreddit/status/2029340858584309985
2026-03-05,ORCL,HOLD,MEDIUM,"Analyst split with both upgrades and downgrades. Stock is 56% below 52-week high at $152 vs $346, suggesting severe correction. Forward PE of 19x is reasonable but debt-to-equity of 433 is extremely concerning. $20B common stock offering dilutes shareholders. Cloud expansion and AI partnerships are positive but execution risk is high after Stargate concerns.",https://x.com/aleabitoreddit/status/2029340858584309985
2026-03-05,META,BUY,HIGH,"Strong buy consensus from analysts with $863 target vs $668 current price. Massive AI capex ($135B planned) positions META as key hyperscaler customer for optics/semis. 24% revenue growth, 41% operating margins, and reasonable 18.6x forward PE. AMD deal and Google partnership add catalysts. CFO selling $36M is notable but small relative to $1.7T market cap.",https://x.com/aleabitoreddit/status/2029340858584309985
2026-03-05,AAOI,BUY,HIGH,"@aleabitoreddit's highest conviction long, citing potential 3x by next year from current $7B market cap. Three hyperscalers reportedly buying all capacity. Google rejecting CPO is a structural win for pluggable optics per Needham analyst note. Record Q4 revenue, 10x demand surge forecast, and Made-in-USA supply chain premium. Forward PE 36x is reasonable if management executes on $378m/month revenue projections. Risk: still operating at a loss with negative ROE, and stock already 10x'd from 52-week low.","https://x.com/aleabitoreddit/status/2029219794025644382, https://x.com/aleabitoreddit/status/2029337803369349293, https://x.com/aleabitoreddit/status/2029160940604739625, https://x.com/TradexWhisperer/status/2029396791863722111"
2026-03-05,EWY,BUY,HIGH,"Multiple high-conviction accounts (@aleabitoreddit, @TradexWhisperer, @labubu_trader) are bullish on South Korea after the 12% single-day crash proved to be an overreaction to Iran conflict fears. Data shows 80% of SK LNG imports unaffected by Hormuz closure. SK Hynix at 5x forward earnings with 62% HBM market share is deeply mispriced. KOSPI already bouncing 11.6%, and IV trade on EWY options doubled. Memory demand remains secular with AI buildout.","https://x.com/aleabitoreddit/status/2029106748334981645, https://x.com/TradexWhisperer/status/2029059800764666319, https://x.com/aleabitoreddit/status/2029358890778062900, https://x.com/labubu_trader/status/2029095031672586269"
2026-03-05,SHMD,INVESTIGATE,LOW,"Stock surged 23% on first null Line H+ delivery for glass substrate technology. @SingularityRes highlights glass substrate as future with S-curve adoption starting 2027/28. However, negative book value, -37.5% revenue decline, investor fraud investigation, and $30M convertible notes make this highly speculative. Interesting long-term thesis but high risk.",https://x.com/SingularityRes/status/2029228769454768637
2026-03-05,TMDX,HOLD,MEDIUM,"TransMedics beat Q4 earnings and revenue estimates with 32% revenue growth and massive earnings growth. Positioned as unaffected by Strait of Hormuz closure per @SingularityRes. Trading near 52-week highs at $148 vs $156 high, but forward PE of 40.7x and debt-to-equity of 110 warrant caution. Strong momentum but valuation is stretched.",https://x.com/SingularityRes/status/2029231176842657978
2026-03-05,TTD,INVESTIGATE,MEDIUM,"CEO insider buying spotted by @SingularityRes ('balls of steel') suggests potential bottom after a 67% collapse from 52-week high. Forward PE of 10.6x is extremely cheap for a high-margin (78% gross) ad-tech platform with 14% revenue growth, but Q4 earnings caused another 15% drop and the stock faces a 'deepening slump' narrative. Worth deeper investigation on whether execution issues are temporary.","https://x.com/SingularityRes/status/2029376688459792530, https://x.com/SingularityRes/status/2029376867686547827"
2026-03-04,XLE,HOLD,MEDIUM,"labubu_trader took profits on XLE calls at the open. Energy stocks are near 52-week highs on Iran conflict premium. Four energy stocks below 10x earnings identified by Seeking Alpha suggests value in individual names rather than the ETF. At $57 near the $58 52-week high, most of the easy gains from the Iran escalation have been captured. Better to own specific beneficiaries like LNG.",https://x.com/labubu_trader/status/2029282756421927318
2026-03-04,USO,HOLD,MEDIUM,"labubu_trader is using USO weekly calls as overnight hedges against Iran war escalation, taking profits at market open. This is a tactical trade, not a long-term position. Oil is benefiting from Hormuz disruption fears and the Iran conflict entering day 5 with significant escalation (submarine torpedoing Iranian warship). Near 52-week highs. Useful as a hedge but the risk/reward for new longs is less clear with oil already elevated.","https://x.com/labubu_trader/status/2029392409390694568, https://x.com/labubu_trader/status/2029282756421927318"
2026-03-04,CL,HOLD,LOW,"labubu_trader mentions $CL in the context of crude oil breakout above $78, not Colgate-Palmolive. As a defensive consumer staples name, Colgate trades at 36x trailing PE with only 6% revenue growth — expensive for the growth profile. Near 52-week high with minimal upside. Debt/equity of 2,344 is astronomically high. No compelling catalyst in either direction.",https://x.com/labubu_trader/status/2029282756421927318
2026-03-04,KORU,BUY,MEDIUM,"labubu_trader is loading KORU (3x leveraged South Korea ETF) as a leveraged play on the KOSPI rebound thesis. The 12% KOSPI crash followed by 12% rebound validates the mean-reversion trade. KOSPI 5000 appears to be solid support. However, this is a leveraged product with daily decay — suitable only for short-term tactical positioning, not buy-and-hold. The underlying EWY thesis (SK Hynix/Samsung at cheap valuations) is strong.",https://x.com/labubu_trader/status/2029095031672586269
2026-03-04,PLTR,HOLD,MEDIUM,"Iran crisis is a direct catalyst for defense AI spending, and the stock surged 13% on defense contract wins. However, TradexWhisperer mocks Burry's $46 target (stock at $153), and Peter Thiel is selling $280M in shares — a significant insider sale. Forward PE of 83x and trailing PE of 243x are extreme even for a 70% revenue grower. The valuation leaves no margin of safety despite strong momentum.",https://x.com/TradexWhisperer/status/2029278329036259596
2026-03-04,AAPL,HOLD,MEDIUM,"zephyr_z9 calls Apple's latest move 'crazy, will sell like hot cakes' and Buffett sold 75% of his stake which is a notable negative signal. Forward PE of 28x is premium for 16% revenue growth. Near 52-week high with limited upside to $293 mean PT (12%). AI delays and foldable iPhone speculation add uncertainty. Solid company but not compelling risk/reward here.","https://x.com/zephyr_z9/status/2029200770437132455, https://x.com/TradexWhisperer/status/2029292511823569204"
2026-03-04,QCOM,HOLD,MEDIUM,"Forward PE of 12.4x is cheap with Wells Fargo highlighting a $100B+ AI inference market opportunity. However, zephyr_z9 notes QCOM is 'getting beats from both Samsung and Xiaomi' on custom chips, the memory shortage dragged on forecasts, and earnings growth is slightly negative at -1.8%. Down 32% from 52-week high. Decent value but competitive pressures are mounting.",https://x.com/zephyr_z9/status/2029155508079477226
2026-03-04,AMD,BUY,MEDIUM,"Meta deal for AMD AI chips is a significant catalyst, Seeking Alpha upgraded to buy, and the stock is trading at $202 vs $290 mean PT (43% upside). Forward PE of 18.6x with 34% revenue growth is attractive. However, trailing PE of 77x reflects prior weakness, and QCOM memory shortage warnings suggest supply chain risks. The Meta partnership materially de-risks the AI GPU business.",https://x.com/TradexWhisperer/status/2029292511823569204
2026-03-04,MU,BUY,HIGH,Forward PE of 8.7x is absurdly cheap for the AI memory cycle leader with 57% revenue growth and 45% operating margins. Analysts hold firm on strong buy ahead of March 18 earnings. The Korea rebound validates memory demand thesis. HBM4E logic die at TSMC further embeds Micron in the AI supply chain. Earnings in ~2 weeks is both a catalyst and risk; the setup looks very favorable.,"https://x.com/TradexWhisperer/status/2029292511823569204, https://x.com/TradexWhisperer/status/2029301088739049671"
2026-03-04,TSM,BUY,HIGH,"TradexWhisperer's thesis is compelling — TSM wins regardless of which AI chip/company wins. Forward PE of 19.9x with 20.5% revenue growth, 54% operating margins, and dominant market position in advanced packaging (CoWoS). PIC capacity ramping for CPO in Q1 2027 adds another growth vector. Geopolitical Taiwan risk is perennial but FUD per TradexWhisperer. Down 8% from highs with $421 mean PT vs $357 current.","https://x.com/TradexWhisperer/status/2029292511823569204, https://x.com/TradexWhisperer/status/2029301328988836132, https://x.com/zephyr_z9/status/2029127246108344718"
2026-03-04,SNDK,HOLD,MEDIUM,"Extraordinary fundamentals with forward PE of 7.4x, 61% revenue growth, and 3-year preorders signaling massive demand. However, Citron Research is betting against it, stock has surged 1,750% already, and the 'hype could vanish in a single earnings call' warning is sobering. TradexWhisperer mentions SNDK HBF as another win for TSM. At $599 vs $724 mean PT there's upside, but the Citron short and extreme prior run-up warrant caution.",https://x.com/TradexWhisperer/status/2029292511823569204
2026-03-04,LNG,BUY,HIGH,"Iran conflict and Hormuz disruption fears are directly benefiting US LNG exporters. Cheniere surged on big Q4 earnings beat and $9B buyback authorization. Forward PE of 16.8x, 76% operating margins, strong buy consensus with $271 PT vs $249 current. aleabitoreddit specifically identified US LNG exporters as key beneficiaries of the Korea energy supply thesis. Revenue growth of 12% is steady and the geopolitical premium should persist.","https://x.com/aleabitoreddit/status/2029108380586201538, https://x.com/aleabitoreddit/status/2029106748334981645"
2026-03-04,RPI,HOLD,LOW,aleabitoreddit notes RPI is 'only up 18.2%' since posting — treating it as an underperformer relative to other picks. Raspberry Pi shares surged on OpenClaw rival going viral and CEO buying shares. Limited financial data available but the AI/hardware momentum is real. Hold for now given it's a UK-listed stock with less accessible fundamentals.,https://x.com/aleabitoreddit/status/2029192809220325680
2026-03-04,IQE,INVESTIGATE,LOW,"aleabitoreddit notes IQE has doubled since mention and considers it a 'moonshot with a ton of risks.' Takeover speculation is active, and potential Taiwan business sale could clean up balance sheet. However, debt restructuring risk, minimal price data (52-week range of $0.011), and uncertain photonics positioning make this highly speculative. UK-listed, thin liquidity for US investors.","https://x.com/aleabitoreddit/status/2029164086987243934, https://x.com/aleabitoreddit/status/2029193680993828913"
2026-03-04,FN,HOLD,MEDIUM,"GOOGL CPO rejection is a large beneficiary for Fabrinet as a contract manufacturer for LITE and others. Revenue growth of 36% and low debt/equity of 0.2 are excellent. However, at $564 the stock trades above the $544 analyst mean PT, trailing PE of 54x is elevated, and gross margins of only 12% limit upside leverage. The AI optics boom is priced in at current levels.",https://x.com/aleabitoreddit/status/2029160940604739625
2026-03-04,AVGO,BUY,HIGH,"Just reported Q1 earnings beating estimates on strong AI demand, $10B new buyback announced. TradexWhisperer highlights AVGO wins regardless of which AI chip wins since TSM manufactures them all and Broadcom designs custom ASICs. Forward PE of 21.6x with strong buy consensus and $453 mean PT vs $318 current (42% upside). labubu_trader also mentions AVGO as a key holding.","https://x.com/TradexWhisperer/status/2029292511823569204, https://x.com/labubu_trader/status/2029312762569252989, https://x.com/labubu_trader/status/2029307989505785935"
2026-03-04,NVDA,BUY,HIGH,"Forward PE of 17x is historically cheap for NVIDIA with 73% revenue growth and 65% operating margins. Wedbush raised PT to $300, Morgan Stanley restored top pick status, and billionaire Leo KoGuan made massive investment. The $2B Lumentum deal and multi-billion Coherent alliance show continued aggressive AI infrastructure buildout. Down 14% from 52-week high. Earnings likely in late May — still a window to accumulate.",https://x.com/TradexWhisperer/status/2029292511823569204
2026-03-04,GOOGL,BUY,HIGH,"Strong buy consensus with $377 mean PT vs $303 current (24% upside). GOOGL rejecting CPO in favor of pluggable optics actually simplifies their AI infrastructure strategy. Forward PE of 22.6x with 18% revenue growth, 32% operating margins, and low debt/equity of 16 make this one of the most fundamentally sound mega-caps. Bullish unusual options activity and multiple analyst upgrades provide near-term catalysts.","https://x.com/aleabitoreddit/status/2029160940604739625, https://x.com/aleabitoreddit/status/2029174012518253047"
2026-03-04,AXTI,BUY,MEDIUM,"aleabitoreddit calls AXTI 'always the winner as long as photonics is a thing' — stock has gone from ~$12 to $39 (3-4x) since his initial mention. CEO bought 30,000 shares (insider buying). GOOGL rejecting CPO is bullish for the substrate supply chain. However, forward PE of 84x, negative operating margins, and negative revenue growth of -8% suggest the move has been largely on future expectations. The recent equity offering may weigh near-term but funds expansion.","https://x.com/aleabitoreddit/status/2029186462546313349, https://x.com/aleabitoreddit/status/2029222223408738440, https://x.com/aleabitoreddit/status/2029224142097269200"
2026-03-04,POET,INVESTIGATE,LOW,"Also dismissed by aleabitoreddit as 'hoarding cash' like GME. Strong buy consensus from analysts and Lightwave Innovation Award are positives, but operating margins of -3200%, negative ROE of -104%, and minimal revenue suggest this is still very early stage. The photonics thesis is compelling but execution risk is extreme.",https://x.com/aleabitoreddit/status/2029223044208832707
2026-03-04,GME,HOLD,LOW,"Mentioned dismissively by aleabitoreddit as 'hoarding cash' unlike AAOI which is deploying capital productively. Revenue declining -4.6%, eBay deal speculation, and conglomerate-style acquisition plans add uncertainty. Trading at 27x trailing PE with no clear growth catalyst. Ryan Cohen tying salary to stock is mildly positive but insufficient.",https://x.com/aleabitoreddit/status/2029223044208832707
2026-03-04,LUNR,HOLD,LOW,"Space sector tailwind from SpaceX IPO and $175M equity raise for expansion into recurring comms and data processing. However, negative book value, -29% operating margins, debt/equity of 152, and -10% revenue growth are concerning. The $800M acquisition raises execution risk. Stock near analyst mean PT of $19.",https://x.com/aleabitoreddit/status/2029270954715824141
2026-03-04,FLY,HOLD,LOW,"Space sector could benefit from SpaceX IPO catalyst, and analyst mean PT of $38 vs $21 current price implies significant upside. However, stock is down 71% from 52-week high after a rocket booster explosion, negative gross margins, and -185% operating margins. Revenue growth of 38% is positive but the company is far from profitability.",https://x.com/aleabitoreddit/status/2029270954715824141
2026-03-04,VELO,INVESTIGATE,LOW,"Mentioned briefly by aleabitoreddit as a space play with complex financials. US Army qualified vendor and Nasdaq uplisting are positives, but negative gross margins, -78% operating margins, debt/equity of 108, and negative return on equity of -224% are severe red flags. Revenue growth of 65% is strong but the path to profitability is unclear.",https://x.com/aleabitoreddit/status/2029271611501887925
2026-03-04,ASTS,HOLD,MEDIUM,"1,500% revenue expansion and Telus backing are strong catalysts, and SpaceX IPO could lift all space stocks. Early investors are now 8-figure millionaires per aleabitoreddit. However, analyst consensus is only 'hold', forward PE of 88x, negative operating margins of -133%, and $93 debt/equity ratio suggest execution risk remains high. The stock at $105 is above the $89 mean PT.","https://x.com/aleabitoreddit/status/2029273566764847321, https://x.com/aleabitoreddit/status/2029270327247962447"
2026-03-04,RKLB,BUY,MEDIUM,"SpaceX $1.75T IPO in June should be a massive catalyst for all space stocks, with RKLB as the closest public competitor valued at just 2.3% of SpaceX. Record 2025 revenue, strong launch cadence, and Cantor lifted PT. However, forward PE of 544x and negative operating margins mean this is a momentum/narrative play. Revenue growth of 36% is strong but profitability remains distant.","https://x.com/aleabitoreddit/status/2029270327247962447, https://x.com/aleabitoreddit/status/2029273566764847321"
2026-03-04,LITE,HOLD,MEDIUM,"Nvidia committed $2B investment, Needham raised PT to $850, and GOOGL CPO rejection is a massive tailwind. Revenue growth of 65.5% is extraordinary. However, at $681 the stock already trades above the $650 mean analyst PT, forward PE of 47x is stretched, debt/equity of 392 is very high, and price/book of 57x is extreme. The story is priced in at current levels; wait for a pullback.","https://x.com/aleabitoreddit/status/2029160940604739625, https://x.com/aleabitoreddit/status/2029228477917086178"
2026-03-04,COHR,BUY,HIGH,"Nvidia just forged a multi-billion AI optics alliance and investment with Coherent. Morgan Stanley raised PT on bullish optical markets forecast. GOOGL rejecting CPO benefits COHR as a secondary beneficiary. Revenue growth of 17.5% accelerating, and the Nvidia funding de-risks execution. Trailing PE of 269x is misleading due to restructuring; forward PE of 37x is more relevant for a company at an inflection point.","https://x.com/aleabitoreddit/status/2029160940604739625, https://x.com/aleabitoreddit/status/2029219794025644382"
2026-03-04,MSFT,BUY,MEDIUM,"Down 27% from 52-week high with board member buying $2M in shares and an ultra-rare bullish options signal. Forward PE of 21.5x is historically cheap for MSFT, with 17% revenue growth and 47% operating margins. OpenAI funding provides additional catalyst. However, 'Microslop' quality concerns and the magnitude of the selloff suggest caution on sizing.",https://x.com/aleabitoreddit/status/2029340858584309985
2026-03-04,AMZN,BUY,HIGH,"Strong buy consensus with $280 mean PT vs $217 current (29% upside). AWS drone attack damage is a one-off geopolitical event, not structural. Revenue growth of 14%, forward PE of 23x, and the $200B AI spending plan positions AWS as a long-term beneficiary. Mentioned as a key hyperscaler customer for AAOI transceivers, confirming continued AI infrastructure buildout. Down 16% from highs.",https://x.com/aleabitoreddit/status/2029340858584309985
2026-03-04,ORCL,HOLD,MEDIUM,"Trading at $152 vs 52-week high of $346 — a 56% decline. Analysts split with both upgrades and downgrades. Debt/equity of 433 is extremely high. Revenue growth of 14% and forward PE of 19x are reasonable, but Stargate concerns and the sharp decline suggest structural issues beyond just a dip. Wait for stabilization.",https://x.com/aleabitoreddit/status/2029340858584309985
2026-03-04,META,BUY,HIGH,"Strong buy consensus from analysts with $863 mean PT vs $668 current price (29% upside). Revenue growth of 24%, operating margins of 41%, forward PE of 18.6x is reasonable for a mega-cap growing this fast. AMD partnership, Google TPU partnership, and expanded AI chip strategy provide multiple catalysts. CFO selling $36M is minor relative to market cap. Down 16% from 52-week high creates entry point.",https://x.com/aleabitoreddit/status/2029340858584309985
2026-03-04,AAOI,BUY,HIGH,"aleabitoreddit's highest conviction long, already 3x'd from $28. Management projects demand could surge 10x, 3 hyperscalers are buying all capacity, and Google rejecting CPO is a massive structural win for pluggable optics like AAOI. At $7B market cap vs $55B LITE, there's significant re-rating potential if execution continues. Record Q4 revenue, 34% revenue growth, and Made-in-America supply chain advantage. Risks: negative operating margins, forward PE of 36x, and the stock is near 52-week highs.","https://x.com/aleabitoreddit/status/2029219794025644382, https://x.com/aleabitoreddit/status/2029337803369349293, https://x.com/aleabitoreddit/status/2029160940604739625"
2026-03-04,EWY,BUY,HIGH,"Multiple high-conviction analysts (aleabitoreddit, TradexWhisperer, labubu_trader) are buying the dip. The IV trade worked beautifully (32% to 51% vol), the KOSPI rebound of 12% validates the thesis that Iran fears were overblown for Korean semis. SK Hynix trading at ~5x forward earnings with 62% HBM market share and sold-out capacity. The ETF bounced from $120 to $134 and labubu_trader is loading KORU for leveraged exposure.","https://x.com/aleabitoreddit/status/2029358890778062900, https://x.com/TradexWhisperer/status/2029059800764666319, https://x.com/aleabitoreddit/status/2029208699471053061, https://x.com/labubu_trader/status/2029095031672586269"
2026-03-04,SHMD,INVESTIGATE,MEDIUM,"Stock surged 23% on first glass substrate delivery for AI servers, and SingularityRes is bullish on S-curve adoption starting 2027/28. However, negative book value, -37.5% revenue growth, convertible note financing, and an investor alert from Pomerantz Law Firm are major red flags. The glass substrate thesis is intriguing but the company's financials are distressed.",https://x.com/SingularityRes/status/2029228769454768637
2026-03-04,TMDX,HOLD,MEDIUM,"SingularityRes highlights TMDX as unaffected by Hormuz closure, and Q4 earnings beat estimates with 32% revenue growth. However, forward PE of 40.7x is rich, debt/equity at 110 is concerning, and a class-action lawsuit is pending. Near 52-week high at $147 vs $156 high. Solid business but valuation and legal risk warrant patience.",https://x.com/SingularityRes/status/2029231176842657978
2026-03-04,KOSPI,BUY,MEDIUM,"KOSPI crashed 12% on Iran war fears then rebounded 12% the next day — classic fear-driven overreaction. Multiple analysts (aleabitoreddit, TradexWhisperer) correctly identified that 80% of South Korea's LNG imports are unaffected by Hormuz closure and SK Hynix/Samsung operations are diversified. The AI memory demand thesis remains intact with SK Hynix at 62% HBM market share and sold-out capacity through 2026.","https://x.com/aleabitoreddit/status/2029106748334981645, https://x.com/aleabitoreddit/status/2029088341258584454, https://x.com/SingularityRes/status/2029365053661823176"
2026-03-04,TTD,INVESTIGATE,MEDIUM,"SingularityRes spotted insider buying ('balls of steel') which is a bullish signal at these depressed levels (down 72% from 52-week high). Forward PE of 10.6x is attractive for a high-margin ad-tech company, but Q1 guidance was soft and analysts lowered forecasts. The CEO/insider buy at these levels warrants deeper investigation but the fundamental deterioration is concerning.","https://x.com/SingularityRes/status/2029376688459792530, https://x.com/SingularityRes/status/2029376867686547827"
2026-03-04,HOOD,HOLD,MEDIUM,"Product launch event ('Take Flight') and ARK buying are near-term catalysts, and the new credit card is generating buzz. However, stock is down ~47% from 52-week high, BofA lowered PT, earningsGrowth is -34.5%, and debt/equity at 136 is elevated. Revenue growth of 26.5% and strong margins are positives but not enough to upgrade given the post-earnings crash.","https://x.com/SingularityRes/status/2029388712816361537, https://x.com/SingularityRes/status/2029367305805943214"
2026-03-04,CBRS,INVESTIGATE,LOW,"Zephyr's tweet about Cerebras serving at 77 tps being suboptimal suggests the product isn't competitive enough vs GPU alternatives. IPO faced delays due to national security review. Limited fundamental data available - no earnings, PE, or margins data. Interesting AI inference play but too early and too uncertain to act on.",https://x.com/zephyr_z9/status/2029198395894841444
2026-03-04,META,BUY,HIGH,"Strong buy consensus with $863 mean target (29% upside). Forward PE 18.6x with 23.8% revenue growth and 82% gross margins. AMD partnership deal expands AI infrastructure. CFO selling $36M is routine, not concerning at this scale. Poaching Alibaba Qwen talent strengthens AI capabilities. Trading 16% below 52-week high on broader market weakness. Revenue hit $59.89B.",https://x.com/zephyr_z9/status/2029101407924879870
2026-03-04,TCEHY,HOLD,MEDIUM,Zephyr notes Tencent stopped international expansion. White House national security review of gaming stakes ahead of Trump-Xi meeting is a headwind. Forward PE of 13.9x is attractive with 15.4% revenue growth and 20% earnings growth. Strong margins. But geopolitical risk (US-China tensions) and regulatory overhang warrant caution. Trading 26% below 52-week high.,https://x.com/zephyr_z9/status/2029103590099567013
2026-03-04,BABA,HOLD,MEDIUM,"Zephyr is deeply critical of Alibaba Cloud's AI strategy - 'boomer management' changing Qwen team metrics, head of Qwen Code poached by Meta/Zuck. Strong buy consensus with $199 target (49% upside) and cheap at 15x forward PE. But earnings growth -51.8%, Pentagon blacklist risk, and Qwen team talent exodus are serious concerns. Two Sessions could be catalyst but risk is elevated.","https://x.com/zephyr_z9/status/2029105943024419273, https://x.com/zephyr_z9/status/2029101407924879870"
2026-03-04,ASML,HOLD,MEDIUM,TradexWhisperer notes ASML has monopoly but 'it's not the bottleneck' - TSM is preferred. Expanding into advanced packaging targeting TSMC. Forward PE of 32x with only 4.9% revenue growth and 7.2% earnings growth is expensive for current growth rate. Trading 10% below 52-week high. Strong long-term moat but near-term growth doesn't justify premium.,https://x.com/TradexWhisperer/status/2029301520618095041
2026-03-04,KOSPI,BUY,MEDIUM,"SingularityRes calls 'Index fund is the new crypto $KOSPI' highlighting the extreme volatility. After worst single-session drop ever (-12%), KOSPI surged 12% in rebound. SK Hynix at 5x forward PE anchors the index valuation. South Korea's $2.2T rally tied to AI is structurally sound. Iran conflict noise should fade. Circuit breakers were triggered suggesting capitulation.","https://x.com/SingularityRes/status/2029365053661823176, https://x.com/NoLimitGains/status/2029203089975050655"
2026-03-04,KORU,BUY,LOW,Labubu_trader explicitly bought KORU (3x leveraged South Korea bull ETF) at KOSPI 5000 support level. KOSPI already rebounded 12% the next day. This is a high-risk leveraged tactical play on the mean reversion after a historic crash. Only suitable for aggressive traders with tight risk management. KOSPI rebound news is supportive.,https://x.com/labubu_trader/status/2029095031672586269
2026-03-04,CL,HOLD,LOW,"Labubu_trader mentions CL in context of crude oil breakout level ($78), likely referring to crude oil futures not Colgate-Palmolive. Colgate fundamentals show defensive quality with 60% gross margins but extreme debt/equity of 2344 and modest 5.8% revenue growth. Forward PE 23x is fair for a consumer staple. No strong catalyst in either direction.",https://x.com/labubu_trader/status/2029282756421927318
2026-03-04,PLTR,HOLD,MEDIUM,"TradexWhisperer mocks Burry's short thesis. Defense AI surge from Iran crisis is a real catalyst (+13% surge, +60% spike recently). 70% revenue growth is exceptional. However, trailing PE of 243x and forward PE of 83x are extreme. Peter Thiel selling $280M in shares is a significant insider sell signal. Price-to-book of 50x. Growth is real but valuation demands perfection.",https://x.com/TradexWhisperer/status/2029278329036259596
2026-03-04,EWY,BUY,MEDIUM,KOSPI crashed 12% (worst day ever) then rebounded 12% the next day. TradexWhisperer was positioned but regrets not trimming. Labubu_trader started loading KORU at 5000 KOSPI support. SK Hynix (dominant holding) at 5x forward earnings is deeply undervalued. The panic selloff on Iran conflict appears overdone. Trailing PE of 20x with massive AI/memory tailwinds. Risk: geopolitical escalation continues.,"https://x.com/TradexWhisperer/status/2029059800764666319, https://x.com/TradexWhisperer/status/2029036806189338653, https://x.com/labubu_trader/status/2029095031672586269"
2026-03-04,AAPL,HOLD,MEDIUM,Zephyr calls Apple's new product a 'crazy move that will sell like hot cakes.' Buffett sold 75% of stake which is bearish signal. Trading 9% below 52-week high. Forward PE of 28x is rich for 15.7% revenue growth. AI delays noted by Wedbush. Analyst consensus buy with $293 target offers modest upside. Defensive quality but not compelling entry.,https://x.com/zephyr_z9/status/2029200770437132455
2026-03-04,QCOM,HOLD,MEDIUM,Zephyr notes QCOM losing share to Samsung and Xiaomi's in-house silicon. Forward PE of 12.4x is reasonable but earnings growth is -1.8% and revenue growth only 5%. Memory shortage dragging on forecasts. Wells Fargo bullish on $100B AI inference opportunity but near-term headwinds persist. Stock 32% below 52-week high.,"https://x.com/zephyr_z9/status/2029155508079477226, https://x.com/TradexWhisperer/status/2029292511823569204"
2026-03-04,AMD,BUY,MEDIUM,"Forward PE of 18.6x with 34% revenue growth and 217% earnings growth. Meta deal is a significant catalyst. Trading 24% below 52-week high. Analyst consensus is buy with $290 mean target (43% upside). Rating upgrades appearing. However, post-earnings 17% drop and analyst skepticism on AI strategy temper confidence slightly.",https://x.com/TradexWhisperer/status/2029292511823569204
2026-03-04,SNDK,HOLD,MEDIUM,"Massive surge (1750%+ from lows) on AI data center flash demand. Forward PE of 7.4x looks cheap with 61.2% revenue growth. However, Citron Research is shorting it, negative ROE, and the stock has already had an extraordinary run. Seeking Alpha sees path to $1000 but risk/reward is two-sided here. Wait for pullback or earnings clarity.",https://x.com/TradexWhisperer/status/2029292511823569204
2026-03-04,MU,BUY,HIGH,"Dominant HBM supplier to NVIDIA with 62% market share (per TradexWhisperer), sold-out through 2026 with 58% operating margins. Forward PE of 8.7x is extraordinarily cheap for 56.7% revenue growth and 175% earnings growth. Earnings March 18 is a near-term catalyst. Analysts maintain strong buy. Volatile day (stock surged after initial plunge) reflects geopolitical noise, not fundamentals.","https://x.com/TradexWhisperer/status/2029059800764666319, https://x.com/TradexWhisperer/status/2029292511823569204"
2026-03-04,AVGO,BUY,HIGH,Just reported Q1 earnings beating estimates on strong AI demand. $10B new buyback announced. Strong buy consensus with $453 mean target (43% upside). Forward PE 21.6x with massive 188% earnings growth. Trading 23% below 52-week high. Called 'custom chip king' by analysts. High debt/equity of 166 is a risk but manageable given cash flows.,"https://x.com/labubu_trader/status/2029307989505785935, https://x.com/labubu_trader/status/2029312762569252989"
2026-03-04,TSM,BUY,HIGH,TradexWhisperer makes compelling case that TSM wins regardless of which AI chip maker succeeds - it's the foundational picks-and-shovels play. Forward PE of 19.9x with 20.5% revenue growth and 35% earnings growth. 54% operating margins. Geopolitical FUD on Taiwan dismissed by analyst as overblown. Trading 8% below 52-week high. CPO/photonics capacity ramping 2027.,"https://x.com/TradexWhisperer/status/2029292511823569204, https://x.com/TradexWhisperer/status/2029301328988836132, https://x.com/zephyr_z9/status/2029127246108344718"
2026-03-04,NVDA,BUY,HIGH,"Strong buy consensus from analysts with $264 mean target (44% upside). Forward PE of 17x is reasonable for 73% revenue growth and 95.6% earnings growth. Wedbush raised PT to $300, Morgan Stanley top pick, billionaire Leo KoGuan adding. Trading 14% below 52-week high on geopolitical selloff creates entry point. Low debt/equity of 7.3.",https://x.com/TradexWhisperer/status/2029292511823569204
2026-03-04,SHMD,INVESTIGATE,LOW,"Tweet is bullish on SCHMID's glass substrate for semiconductors with S-curve adoption expected 2027-2028. Stock surged 23% on first Line H+ delivery and is up 30% from previous close. However, negative book value, revenue declining -37.5%, convertible note financing raises dilution risk, and there's an investor alert from Pomerantz Law Firm. Very speculative.",https://x.com/SingularityRes/status/2029228769454768637
2026-03-04,TMDX,HOLD,MEDIUM,"Tweet highlights TMDX as insulated from Strait of Hormuz closure (healthcare/organ transport). Beat Q4 earnings and revenue estimates, strong revenue growth of 32.2%, and trading near 52-week high. However, forward PE of 40.7x is rich, debt/equity at 110, and limited tweet conviction beyond a mention.",https://x.com/SingularityRes/status/2029231176842657978
2026-03-04,TTD,INVESTIGATE,MEDIUM,"Tweet highlights CEO insider buying ('balls of steel') which is a strong bullish signal, and stock is near 52-week low at $25 vs high of $91. Forward PE of 10.6x is cheap for a growth name. However, Q4 guidance disappointed, analysts lowered forecasts, and the stock has collapsed 72% from highs. Insider buying at these levels warrants deeper due diligence.","https://x.com/SingularityRes/status/2029376688459792530, https://x.com/SingularityRes/status/2029376867686547827"
2026-03-04,HOOD,HOLD,MEDIUM,"Tweet discusses HOOD credit card details and potential cashback arbitrage, suggesting product innovation. Stock rallying ahead of 'Take Flight' event with ARK buying, but 46% below 52-week high, BofA lowered PT, and earningsGrowth is -34.5%. High debt/equity of 136. Wait for post-event clarity.","https://x.com/SingularityRes/status/2029388712816361537, https://x.com/SingularityRes/status/2029367305805943214"
2026-03-04,AAOI,HOLD,MEDIUM,"AAOI posted record Q4 revenue and management forecasts 10X demand growth, driving a massive rally from ~$10 to ~$100 over the past year. However, the current price of $99.71 significantly exceeds the analyst mean target of $77.30, and recent optics sector sell-offs show high volatility — the valuation stretch warrants caution despite bullish tweet sentiment calling it 'extremely cheap if they can execute.'",https://x.com/aleabitoreddit/status/2029348543618793596
2026-03-04,EWY,HOLD,MEDIUM,"EWY at ~$132 is well above its 52-week low of $48.49 and benefiting from the KOSPI rebound and strong memory chip demand narrative. The ETF saw its biggest inflows in a decade recently, but with geopolitical uncertainty still elevated and the price still below its 52-week high of $154, the risk/reward is balanced — maintain HOLD until conflict resolution clarity emerges.","https://x.com/aleabitoreddit/status/2029358890778062900, https://x.com/SingularityRes/status/2029365053661823176"
2026-03-04,KOSPI,HOLD,MEDIUM,"KOSPI has rebounded ~12% after its worst day in decades, suggesting the panic sell-off was overdone. However, the underlying geopolitical risk from the Iran conflict remains unresolved, making it premature to chase this bounce with a full BUY signal.","https://x.com/aleabitoreddit/status/2029358890778062900, https://x.com/SingularityRes/status/2029365053661823176"
2026-03-04,EWY,HOLD,MEDIUM,"While the 11.6% KOSPI rebound and strong semiconductor recovery are bullish, this follows a 7% plunge just days ago, suggesting extreme volatility driven by geopolitical fears (Iran conflict). At a P/E of ~20 and still 14% below its 52-week high, the risk/reward is unclear — the bounce may be a relief rally rather than a sustained trend, and geopolitical risks remain unresolved. The strong ETF inflows and institutional positioning are supportive longer-term, but chasing a sharp bounce after a crash warrants caution.","https://x.com/aleabitoreddit/status/2029358890778062900, https://x.com/SingularityRes/status/2029365053661823176"
2026-03-02,AAOI,HOLD,MEDIUM,"While fundamentals are extremely strong (record revenue, 10x demand forecast, AI-driven expansion), the stock at $84.23 is trading at its 52-week high and 9% above the analyst mean target of $77.30, suggesting much of the good news is priced in. The tweeter's sentiment is bullish but regretful about a missed entry, implying the easy money has been made. Risk/reward is less favorable for new positions at current levels.",https://x.com/labubu_trader/status/2028313567536312405
2026-03-01,AAOI,HOLD,MEDIUM,"AAOI has surged ~57% from its previous close of $53.69 to $84.23, now trading above analyst targets and at its 52-week high. The tweeter explicitly expresses regret for missing the earlier entry on the weekly cup-and-handle retest, and while fundamentals are strong (record revenue, 10x demand forecast), the risk/reward at these levels is stretched with the stock trading well above consensus price targets.",https://x.com/labubu_trader/status/2028313567536312405
2026-03-01,CL,HOLD,MEDIUM,"Tweet highlights aggressive 'sell the fact/news' activity, indicating short-term distribution pressure near the 52-week high. With current price ($99.14) already exceeding the analyst consensus target ($97.21) and a rich trailing P/E of 37.7x, upside appears limited despite the consensus 'buy' rating, warranting caution rather than new positioning.",https://x.com/labubu_trader/status/2028281232673632376
2026-03-01,CL,HOLD,MEDIUM,"The tweet highlights a 'sell the fact/news' pattern playing out in CL, suggesting near-term downside pressure after a catalyst. With the stock trading above the analyst consensus price target of $97.21 and at an elevated 37.7x P/E near its 52-week high, risk/reward is unfavorable for new positions despite the analyst 'buy' consensus.",https://x.com/labubu_trader/status/2028281232673632376
